{
  "target_epoch": 20,
  "aug_sds": true,
  "seed": 42,
  "n_train": 142,
  "n_train_aug": 426,
  "n_test": 47,
  "threshold": 0.5679999999999998,
  "cv_summary": {
    "mean_auc": 0.7127777777777778,
    "std_auc": 0.058982171924559325,
    "mean_f1": 0.6451722190852626,
    "std_f1": 0.08715061411082295
  },
  "test_results": {
    "auc": 0.6471861471861472,
    "f1_macro": 0.48351648351648346,
    "f1_weighted": 0.5057283142389526,
    "precision": 0.32142857142857145,
    "recall": 0.6428571428571429,
    "accuracy": 0.48936170212765956,
    "threshold": 0.5679999999999998,
    "confusion_matrix": [
      [
        14,
        19
      ],
      [
        5,
        9
      ]
    ]
  }
}